dataset,model,average_precision,f1_score,roc_auc,tn,fp,fn,tp
CreditCard,LogisticRegression,0.030435755317987655,0.022892025944296072,0.7916959651766282,7409,2546,15,30
CreditCard,XGBoost,0.018561091569349254,0.055201698513800426,0.7121491154640326,9542,413,32,13
FraudData,LogisticRegression,0.6707828717911124,0.6050471267862573,0.8355478283056761,25635,1758,840,1990
FraudData,XGBoost,0.70429237610188,0.6841138659320477,0.8310858026585678,27357,36,1340,1490
